SNV	cluster0	cluster1	cluster2	cluster3	cluster4	cluster5	cluster6	cluster7	cluster8	cluster9	cluster10	cluster	dcf0	dcf1	dcf2
0	0	0	0	1	0	0	0	0	0	0	0	3	0.047	0.14	0.05
1	0	0	0	0	1	0	0	0	0	0.00043	0	4	0.42	0.048	0
2	1	0	0.00091	0	0	0.0034	0	0	0	0	0	0	0.58	0.43	0.45
3	0	0	0.00058	0	0	5.2e-06	1	0	0	0	1.1e-06	6	0.72	0.68	0.55
4	0.095	0	0.016	0	0	0.74	0.15	0	0	0	1.8e-06	5	0.58	0.57	0.45
5	0.99	0	0.0032	0	0	4.9e-06	5.7e-05	0	0	0	0.0057	0	0.58	0.43	0.45
6	0	0	0	1	0	0	0	0	0	0	0	3	0.047	0.14	0.05
7	0.82	0	0.0054	0	0	0.18	0	0	0	0	0	0	0.58	0.43	0.45
8	0	1	0	0	0	0	0	0	0	0	0	1	0.047	0.048	0.4
9	1	0	0.00097	0	0	0.0014	0	0	0	0	0.0011	0	0.58	0.43	0.45
10	0	0	0	0.04	0	0	0	0	0	0.96	0	9	0.23	0.24	0.05
11	0.87	0	0.012	0	0	0.12	2.3e-05	0	0	0	0	0	0.58	0.43	0.45
12	0	0	0	0	1	0	0	0	0	0	0	4	0.42	0.048	0
13	0	1	0	0	0	0	0	0	0	0	0	1	0.047	0.048	0.4
14	1	0	0.00024	0	0	3.7e-05	0	0	0	0	0	0	0.58	0.43	0.45
15	0	0	0	0	1	0	0	0	0	0	0	4	0.42	0.048	0
16	0.64	0	0.36	0	0	0	0	0	0	0	0	0	0.58	0.43	0.45
17	0	0	0	0	0	0	1	0	0	0	0	6	0.72	0.68	0.55
18	0	0	0	0.92	0	0	0	0	0	0.075	0	3	0.047	0.14	0.05
19	0	0	0	0	0	0	1	0	0	0	0	6	0.72	0.68	0.55
20	0.32	0	0.68	0	0	0	0	0	0	0	0	2	0.58	0.43	0.55
21	0.3	0	0.7	0	0	0.00078	0	0	0	0	2.3e-06	2	0.58	0.43	0.55
22	0	0	0.99	0	0	1.6e-05	0.006	0	0	0	0	2	0.58	0.43	0.55
23	0	0	0	0	0	0	1	0	0	0	0	6	0.72	0.68	0.55
24	6.8e-05	0	0	0	0	0	0	0	0	0	1	10	1	0.54	0.45
25	0	1	0	0	0	0	0	0	0	0	0	1	0.047	0.048	0.4
26	0	0	0	0	0	0	0	0	0	0	1	10	1	0.54	0.45
27	0	0	0	0	0	0	0	0	0	0	1	10	1	0.54	0.45
28	0	0	0	0	0	0	1	0	0	0	0	6	0.72	0.68	0.55
29	0	1	0	0	0	0	0	0	0	0	0	1	0.047	0.048	0.4
30	0	0	0	1.8e-05	0	0	0	0	0	1	0	9	0.23	0.24	0.05
31	0.00043	0	0.0033	0	0	0.019	0.98	0	0	0	0	6	0.72	0.68	0.55
32	0	0	1	0	0	0	0	0	0	0	0	2	0.58	0.43	0.55
33	6.1e-06	0	0.031	0	0	9.4e-05	0.97	0	0	0	0	6	0.72	0.68	0.55
34	0	0	0	0	0	0	0	0	0	1	0	9	0.23	0.24	0.05
35	0.0014	0	4.2e-06	0	0	0	0	0	0	0	1	10	1	0.54	0.45
36	0	0	0	0	1	0	0	0	0	0	0	4	0.42	0.048	0
37	0	0	0	0	0	0	0	0	0	1	0	9	0.23	0.24	0.05
38	0	0	0	0	0	0	0	0	0	0	1	10	1	0.54	0.45
39	2.8e-06	0	1	0	0	0	0	0	0	0	0	2	0.58	0.43	0.55
40	0.71	0	0.28	0	0	0.0029	0	0	0	0	0	0	0.58	0.43	0.45
41	0	0	0	0	0	0	0	0	1	0	0	8	0.093	0	0
42	0	0	0	0	0	0	0	0	0	0	1	10	1	0.54	0.45
43	0.00025	0	1.6e-06	0	0	6.1e-05	0.00013	0	0	0	1	10	1	0.54	0.45
44	0	0	0	0	1	0	0	0	0	0	0	4	0.42	0.048	0
45	0.85	0	0.032	0	0	0.12	7.3e-05	0	0	0	0	0	0.58	0.43	0.45
46	0.0035	0	1.9e-06	0	0	6.6e-05	0	0	0	0	1	10	1	0.54	0.45
47	0.003	0	4.2e-05	0	0	0	1	0	0	0	0	6	0.72	0.68	0.55
48	0	0	0	0	0	0	0	0	0	0	1	10	1	0.54	0.45
49	0	0	0	0	0	0	0	0	0	1	0	9	0.23	0.24	0.05
50	1.9e-05	0	0.00036	0	0	0	1	0	0	0	0	6	0.72	0.68	0.55
51	0.67	0	0.15	0	0	0.19	0.0015	0	0	0	0	0	0.58	0.43	0.45
52	1	0	0.0034	0	0	0	0	0	0	0	0	0	0.58	0.43	0.45
53	0	0	0	0	0	0	0	0	0	0	1	10	1	0.54	0.45
54	0	0	0	0	0	0	0	0	0	0	1	10	1	0.54	0.45
55	0	0	0	0	0	0	0	0	0	0	1	10	1	0.54	0.45
56	0.00011	0	1	0	0	0	0	0	0	0	0	2	0.58	0.43	0.55
57	8.7e-06	0	0	0	0	0	0	0	0	0	1	10	1	0.54	0.45
58	0	0	0	0	0	0	0	0	0	0	1	10	1	0.54	0.45
59	0	0	0	0	0	0	0	0	1	0	0	8	0.093	0	0
60	2.8e-05	0	0	0	0	0	0	0	0	0	1	10	1	0.54	0.45
61	0.29	0	0.71	0	0	6.1e-06	0	0	0	0	0	2	0.58	0.43	0.55
62	0	0	0	0	0	0	0	0	0	1	0	9	0.23	0.24	0.05
63	0.0033	0	0.00024	0	0	7.7e-05	4.8e-05	0	0	0	1	10	1	0.54	0.45
64	0	0	1	0	0	0	0	0	0	0	0	2	0.58	0.43	0.55
65	0	0	0	0	0	0	0	0	0	0	1	10	1	0.54	0.45
66	0	0	0	0	0	0	0	0	1	0	0	8	0.093	0	0
67	5.8e-06	0	1	0	0	0	0	0	0	0	0	2	0.58	0.43	0.55
68	0.35	0	0.29	0	0	0.24	0.13	0	0	0	8.2e-05	0	0.58	0.43	0.45
69	0	0	0	0	0	0	0	0	0	1	0	9	0.23	0.24	0.05
70	0	0	0	0	0	0	1	0	0	0	0	6	0.72	0.68	0.55
71	0.98	0	0.011	0	0	0.0063	0	0	0	0	0	0	0.58	0.43	0.45
72	0.9	0	0.097	0	0	0.00056	0	0	0	0	0	0	0.58	0.43	0.45
73	0	0	0	1	0	0	0	0	0	0	0	3	0.047	0.14	0.05
74	0	0	0	0	0	0	0	1	0	0	0	7	0.58	0.19	0.35
75	1	0	0.0019	0	0	0.00086	0	0	0	0	0	0	0.58	0.43	0.45
76	0.95	0	0.046	0	0	0.0004	0	0	0	0	0	0	0.58	0.43	0.45
77	0.88	0	0.12	0	0	6.6e-06	0	0	0	0	0	0	0.58	0.43	0.45
78	0.64	0	0.0074	0	0	0.0046	0.00013	0	0	0	0.34	0	0.58	0.43	0.45
79	1	0	0.00052	0	0	5.3e-06	0	0	0	0	0	0	0.58	0.43	0.45
80	0.87	0	0.026	0	0	0.11	0.00013	0	0	0	3.8e-06	0	0.58	0.43	0.45
81	0.15	0	0.68	0	0	0.053	0.11	0	0	0	7.6e-06	2	0.58	0.43	0.55
82	0.77	0	0.23	0	0	0.0033	7.1e-06	0	0	0	0	0	0.58	0.43	0.45
83	1	0	0	0	0	0	0	0	0	0	0	0	0.58	0.43	0.45
84	1	0	0.0031	0	0	2.5e-06	0	0	0	0	0	0	0.58	0.43	0.45
85	0.7	0	0.027	0	0	0.27	0.00012	0	0	0	0	0	0.58	0.43	0.45
86	0	0	0	1	0	0	0	0	0	0	0	3	0.047	0.14	0.05
87	0.34	0	0.58	0	0	0.077	0.0056	0	0	0	0	2	0.58	0.43	0.55
88	1	0	5.2e-06	0	0	0	0	0	0	0	0	0	0.58	0.43	0.45
89	0	0	0	1	0	0	0	0	0	0	0	3	0.047	0.14	0.05
90	0.99	0	0.011	0	0	0.00055	0	0	0	0	0	0	0.58	0.43	0.45
91	0	0	0	2.3e-06	0	0	0	0	0	1	0	9	0.23	0.24	0.05
92	1	0	0.00013	0	0	0.00016	0	0	0	0	0	0	0.58	0.43	0.45
93	0.17	0	0.0025	0	0	0.77	0.061	0	0	0	0.00012	5	0.58	0.57	0.45
94	0.95	0	0.05	0	0	0.0018	0	0	0	0	0	0	0.58	0.43	0.45
95	0	0	0	0	0	0	0	0	0	0	1	10	1	0.54	0.45
96	0.0091	0	0.0022	0	0	6e-05	0.0028	0	0	0	0.99	10	1	0.54	0.45
97	2.5e-06	0	0	0	0	0	0	0	0	0	1	10	1	0.54	0.45
98	0.88	0	0.069	0	0	0.053	0.00084	0	0	0	0.00011	0	0.58	0.43	0.45
99	0.58	0	0.41	0	0	0.0056	0.00024	0	0	0	1.2e-05	0	0.58	0.43	0.45
100	0.63	0	0.096	0	0	0.27	0.00014	0	0	0	0	0	0.58	0.43	0.45
101	0.0036	0	5.8e-05	0	0	0	0	1	0	0	0	7	0.58	0.19	0.35
102	0	0	0	1	0	0	0	0	0	4.2e-05	0	3	0.047	0.14	0.05
103	0	1	0	0	0	0	0	0	0	0	0	1	0.047	0.048	0.4
104	0	1	0	0	0	0	0	0	0	0	0	1	0.047	0.048	0.4
105	0	0	0	0	0	0	0	0	0	0	1	10	1	0.54	0.45
106	0.8	0	0.00054	0	0	0.2	0	0	0	0	0	0	0.58	0.43	0.45
107	0	0	0	0.0017	0	0	0	0	0	1	0	9	0.23	0.24	0.05
108	0.64	0	0.36	0	0	0	0	0	0	0	0	0	0.58	0.43	0.45
109	0.082	0	0.92	0	0	0.00078	8.4e-05	0	0	0	0	2	0.58	0.43	0.55
110	1	0	3.3e-05	0	0	0	0	0	0	0	0	0	0.58	0.43	0.45
111	0.0065	0	0	0	0	0	0	0.99	0	0	0	7	0.58	0.19	0.35
112	0.85	0	0.13	0	0	0.017	3.2e-05	0	0	0	0	0	0.58	0.43	0.45
113	0	0	0	1	0	0	0	0	0	0	0	3	0.047	0.14	0.05
114	1	0	7.9e-06	0	0	4.1e-06	0	0	0	0	0	0	0.58	0.43	0.45
115	0	1	0	0	0	0	0	0	0	0	0	1	0.047	0.048	0.4
116	0.79	0	0.21	0	0	3.3e-05	1.1e-05	0	0	0	0	0	0.58	0.43	0.45
117	0	0	0	1	0	0	0	0	0	0	0	3	0.047	0.14	0.05
118	0	0	0	0	0	0.032	0.97	0	0	0	0	6	0.72	0.68	0.55
119	0	0	0	1	0	0	0	0	0	0	0	3	0.047	0.14	0.05
120	0.018	0	0.00083	0	0	0.89	0.095	0	0	0	5e-06	5	0.58	0.57	0.45
121	0.11	0	0.89	0	0	2.4e-06	0	0	0	0	0	2	0.58	0.43	0.55
122	0	0	0	0.99	0	0	0	0	0	0.012	0	3	0.047	0.14	0.05
123	0.072	0	0.00085	0	0	0.83	0.094	0	0	0	0.00032	5	0.58	0.57	0.45
124	1	0	0.0025	0	0	0.00054	1.3e-06	0.00094	0	0	0	0	0.58	0.43	0.45
125	0.93	0	0.022	0	0	0.043	4.9e-05	0	0	0	8.3e-05	0	0.58	0.43	0.45
126	0.99	0	0.0053	0	0	0.0014	0	0	0	0	0	0	0.58	0.43	0.45
127	0	0	0	0.99	0	0	0	0	0	0.0094	0	3	0.047	0.14	0.05
128	0.93	0	0.069	0	0	0.00012	0	0	0	0	0	0	0.58	0.43	0.45
129	0	0	0	0	0	0	0	0	0	1	0	9	0.23	0.24	0.05
130	1	0	0.00017	0	0	0	0	0	0	0	0	0	0.58	0.43	0.45
131	0	0	0	0.83	0	0	0	0	0	0.17	0	3	0.047	0.14	0.05
132	1	0	4.2e-05	0	0	0	0	0	0	0	0	0	0.58	0.43	0.45
133	0	1	0	0	0	0	0	0	0	0	0	1	0.047	0.048	0.4
134	1	0	0.0021	0	0	9.2e-06	0	0	0	0	0	0	0.58	0.43	0.45
135	0	0	0	0	0	0	0	0	0	1	0	9	0.23	0.24	0.05
136	3.9e-05	0	0	0	0	1	0	0	0	0	0	5	0.58	0.57	0.45
137	0.39	0	0.0038	0	0	0.52	0.087	0	0	0	0	5	0.58	0.57	0.45
138	0.19	0	0.002	0	0	0.8	0.00095	0	0	0	0	5	0.58	0.57	0.45
139	5.6e-05	0	0	0	0	1	8.6e-06	0	0	0	0	5	0.58	0.57	0.45
140	0	0	0	0	1	0	0	0	0	0	0	4	0.42	0.048	0
141	0.29	0	0.14	0	0	0.093	0.48	0	0	0	3.4e-05	6	0.72	0.68	0.55
142	0.82	0	0.17	0	0	0.0003	0.0026	0	0	0	0	0	0.58	0.43	0.45
143	0	1	0	0	0	0	0	0	0	0	0	1	0.047	0.048	0.4
144	6.7e-06	0	0	0	0	1	4.3e-05	0	0	0	0	5	0.58	0.57	0.45
145	0.0034	0	0	0	0	1	0	0	0	0	0	5	0.58	0.57	0.45
146	0	0	0	1	0	0	0	0	0	0	0	3	0.047	0.14	0.05
147	1	0	0	0	0	0	0	0	0	0	0	0	0.58	0.43	0.45
148	0	0	0	0	0	0	0	0	0	1	0	9	0.23	0.24	0.05
149	1	0	0.0049	0	0	0	0	0	0	0	0	0	0.58	0.43	0.45
150	0	0	0	1	0	0	0	0	0	0	0	3	0.047	0.14	0.05
151	8.7e-05	0	1	0	0	0	0	0	0	0	0	2	0.58	0.43	0.55
152	1	0	0.0039	0	0	0.0009	0	0	0	0	0	0	0.58	0.43	0.45
153	0	0	0	1	0	0	0	0	0	0	0	3	0.047	0.14	0.05
154	0	1	0	0	0	0	0	0	0	0	0	1	0.047	0.048	0.4
155	0	1	0	0	0	0	0	0	0	0	0	1	0.047	0.048	0.4
156	0.68	0	0.28	0	0	0.034	0	0	0	0	0	0	0.58	0.43	0.45
157	0	0	0	0.97	0	0	0	0	0	0.025	0	3	0.047	0.14	0.05
158	1	0	0	0	0	0	0	0	0	0	0	0	0.58	0.43	0.45
159	1	0	2.9e-06	0	0	0	0	0	0	0	0	0	0.58	0.43	0.45
160	1	0	0.00048	0	0	4.1e-06	0	0	0	0	0	0	0.58	0.43	0.45
161	0.95	0	0.036	0	0	0.015	3.1e-05	0	0	0	0.0003	0	0.58	0.43	0.45
162	0.99	0	0.0014	0	0	0.0046	0	0	0	0	0	0	0.58	0.43	0.45
163	0	0	0	3.2e-05	0	0	0	0	0	1	0	9	0.23	0.24	0.05
164	0.72	0	0.11	0	0	0.16	0.0026	0	0	0	1.4e-05	0	0.58	0.43	0.45
165	0	0	0	1	0	0	0	0	0	0	0	3	0.047	0.14	0.05
166	0.43	0	0.11	0	0	0.29	0.16	0	0	0	0.014	0	0.58	0.43	0.45
167	0	0	0	0	1	0	0	0	0	0	0	4	0.42	0.048	0
168	0	1	0	2.9e-06	0	0	0	0	0	9.7e-05	0	1	0.047	0.048	0.4
169	0	1	0	0	0	0	0	0	0	0	0	1	0.047	0.048	0.4
170	1	0	0	0	0	0.00041	0	0	0	0	0	0	0.58	0.43	0.45
171	0.96	0	0.035	0	0	0.0002	0	0	0	0	0	0	0.58	0.43	0.45
172	0	0	0	0	1	0	0	0	0.00016	5.9e-05	0	4	0.42	0.048	0
173	0.0088	0	1.8e-06	0	0	0.99	0	0	0	0	0	5	0.58	0.57	0.45
174	0.42	0	0.14	0	0	0.18	0.24	0	0	0	0.018	0	0.58	0.43	0.45
175	0.99	0	0.005	0	0	0.00041	0	0	0	0	0.00011	0	0.58	0.43	0.45
176	0	0	1	0	0	0	5.5e-06	0	0	0	0	2	0.58	0.43	0.55
177	0	0	0	0	0	0	0	0	0	1	0	9	0.23	0.24	0.05
178	0	0	0	1	0	0	0	0	0	0	0	3	0.047	0.14	0.05
179	0	1	0	0	0	0	0	0	0	0	0	1	0.047	0.048	0.4
180	0	0	0	0.0016	0	0	0	0	0	1	0	9	0.23	0.24	0.05
181	0.95	0	0.03	0	0	0.017	0	0	0	0	0	0	0.58	0.43	0.45
182	0.53	0	0.47	0	0	0.00017	0	0	0	0	0	0	0.58	0.43	0.45
183	0	0	1	0	0	0	0	0	0	0	0	2	0.58	0.43	0.55
184	0.97	0	0.029	0	0	0.00066	0	0	0	0	1.9e-05	0	0.58	0.43	0.45
185	0.059	0	0.00043	0.00034	0.00077	0.00063	0	0	0	0.94	0	9	0.23	0.24	0.05
186	0	0	0	1	0	0	0	0	0	0	0	3	0.047	0.14	0.05
187	0	0	1	0	0	0	0	0	0	0	0	2	0.58	0.43	0.55
188	1	0	0.00036	0	0	2e-05	0	0	0	0	0	0	0.58	0.43	0.45
189	0.98	0	0.02	0	0	1.1e-05	0	0	0	0	0	0	0.58	0.43	0.45
190	0	0	1	0	0	0	0	0	0	0	0	2	0.58	0.43	0.55
191	0.72	0	0.18	0	0	0.096	0.0031	0	0	0	7.8e-06	0	0.58	0.43	0.45
192	0.9	0	3.2e-05	0	0	1.6e-05	0	0	0	0	0.096	0	0.58	0.43	0.45
193	0.75	0	0.25	0	0	0.0011	4.3e-06	0	0	0	5.6e-05	0	0.58	0.43	0.45
194	0	0	1	0	0	0	0	0	0	0	0	2	0.58	0.43	0.55
195	0	0.092	0.91	0	0	0	0	0.00011	0	0	0	2	0.58	0.43	0.55
196	1	0	0.00029	0	0	0.0001	0	0	0	0	0	0	0.58	0.43	0.45
197	1	0	2.7e-05	0	0	0.001	0	0	0	0	0	0	0.58	0.43	0.45
198	0.00033	0	0	0	1	0	0	0	0	0	0	4	0.42	0.048	0
199	0	0	1	0	0	0	0	0	0	3.1e-05	0	2	0.58	0.43	0.55
200	0	0	1	0	0	0	0	0	0	2e-05	0	2	0.58	0.43	0.55
201	0	1	0	0	0	0	0	0	0	0	0	1	0.047	0.048	0.4
202	0.95	0	0.0023	0	0	0.043	0.0005	0	0	0	0	0	0.58	0.43	0.45
203	0.85	0	0.036	0	0	0.11	8.5e-05	0	0	0	0	0	0.58	0.43	0.45
204	0.73	0	0.12	0	0	0.12	0.021	0	0	0	8.6e-05	0	0.58	0.43	0.45
205	0.74	0	0.24	0	0	0.011	9.1e-05	0	0	0	1.3e-05	0	0.58	0.43	0.45
206	1	0	5.6e-05	0	0	0	0	0	0	0	0	0	0.58	0.43	0.45
207	0	5.4e-06	0	0.00081	0	0	0.96	0	0	0.035	0	6	0.72	0.68	0.55
208	0	0	0	1	0	0	0	0	0	0	0	3	0.047	0.14	0.05
209	0	0	0	1	0	0	0	0	0	0	0	3	0.047	0.14	0.05
210	0.99	0	0.0059	0	0	0	0	0	0	0	0	0	0.58	0.43	0.45
211	0.88	0	0.12	0	0	0.004	0	0	0	0	0	0	0.58	0.43	0.45
212	0.99	0	0.0073	0	0	2.3e-05	0	0	0	0	0	0	0.58	0.43	0.45
213	0.99	0	0.011	0	0	0	0	0	0	0	0	0	0.58	0.43	0.45
214	0	0.84	0.16	0	0	0	0	0	0	0	0	1	0.047	0.048	0.4
215	1	0	0.00034	0	0	9.5e-05	0	0	0	0	0	0	0.58	0.43	0.45
216	0	8.8e-06	0	1	0	0	0	0	0	0	0	3	0.047	0.14	0.05
217	1	0	0.00078	0	0	0.00012	0	0	0	0	0	0	0.58	0.43	0.45
218	0.0024	0	0	0	0	1	0	0	0	0	0	5	0.58	0.57	0.45
219	0	0	0	0	0.062	0	0	0	0	0.00023	0.94	10	1	0.54	0.45
220	0.016	0	0	0	0.98	0	0	0	0	3.3e-05	0	4	0.42	0.048	0
221	0	1	0	0	0	0	0	0	0	0	0	1	0.047	0.048	0.4
222	0	0	0	0	0	0	0	1	0	0	0	7	0.58	0.19	0.35
223	1	0	0	0	0	0	0	0	0	0	0	0	0.58	0.43	0.45
224	0	1	0	0	0	0	0	0	0	0	0	1	0.047	0.048	0.4
225	0	0	0	0	0	0	0	0.00083	0	1	0	9	0.23	0.24	0.05
226	0	1	0	0	0	0	0	0	0	0	0	1	0.047	0.048	0.4
227	0	0	0	1	0	0	0	0	0	0	0	3	0.047	0.14	0.05
228	1	0	0	0	0	0	0	0	0	0	0	0	0.58	0.43	0.45
229	0	0	0	1	0	0	0	0	0	6.6e-06	0	3	0.047	0.14	0.05
230	0.66	0	0.031	0	0	0.31	3.1e-06	0	0	0	0	0	0.58	0.43	0.45
231	0	0	0	1	0	0	2e-05	0	0	6.8e-05	0	3	0.047	0.14	0.05
232	1	0	0	0	0	0	0	0	0	0	0	0	0.58	0.43	0.45
233	0	0	0	0.88	0	0	0	0	0	0.12	0	3	0.047	0.14	0.05
234	0.89	0	0.11	0	0	6.7e-05	1.4e-06	0	0	0	1.7e-05	0	0.58	0.43	0.45
235	0	0	1	0	0	0	0.00021	0	0	0	0	2	0.58	0.43	0.55
236	0	0	0	0	0	0	0	0	0	1	0	9	0.23	0.24	0.05
237	0	0	0	0.98	0	0	0	0	0	0.019	0	3	0.047	0.14	0.05
238	0.57	0	0.12	0	0	0.24	0.075	0	0	0	0.0077	0	0.58	0.43	0.45
239	0	0	0	1.8e-05	0	0	0	0	0	1	0	9	0.23	0.24	0.05
240	0.93	0	0.066	0	0	0.00057	0	0	0	0	0	0	0.58	0.43	0.45
241	0.98	0	0.022	0	0	0.00081	0	0	0	0	0	0	0.58	0.43	0.45
242	3.2e-05	0	0	0	0	0	0	1	0	0	0	7	0.58	0.19	0.35
243	0	0	0	0	0	0	0	0	1	0	0	8	0.093	0	0
244	0	0	0	0	1	0	0	0	0.00011	0	0	4	0.42	0.048	0
245	0	0	0	1	0	0	0	0	0	0	0	3	0.047	0.14	0.05
246	0.8	0	0.19	0	0	0.0065	1.4e-05	0	0	0	0	0	0.58	0.43	0.45
247	0.94	0	0.055	0	0	0.00032	0	0	0	0	0	0	0.58	0.43	0.45
248	0	0	0	0	0	0	0	0	0	1	0	9	0.23	0.24	0.05
249	1	0	0.0021	0	0	0.0016	0	0	0	0	0	0	0.58	0.43	0.45
250	1	0	0.00019	0	0	0	0	0	0	0	0	0	0.58	0.43	0.45
251	0	0	0	0	0	0	1	0	0	0.00018	0	6	0.72	0.68	0.55
252	0.089	0	0.0011	0	0	0.89	0.024	0	0	0	6.3e-06	5	0.58	0.57	0.45
253	0	0	0	1	0	0	0	0	0	0	0	3	0.047	0.14	0.05
254	0.45	0	0.0073	0	0	0.54	0.0044	0	0	0	4e-06	5	0.58	0.57	0.45
255	0	0	0	0.98	0	0	0.00025	0	0	0.022	0	3	0.047	0.14	0.05
256	0	0	0	0	0	0	0	0	0	1	0	9	0.23	0.24	0.05
257	0	1	0	0	0	0	0	0	0	0	0	1	0.047	0.048	0.4
258	1	0	0.00028	0	0	0.00011	0	0	0	0	0	0	0.58	0.43	0.45
259	0	0	0	0	0	0	0.0074	0	0	0.99	0	9	0.23	0.24	0.05
260	1	0	0.0031	0	0	4.6e-05	0	0	0	0	0	0	0.58	0.43	0.45
261	0.69	0	0.28	0	0	0.029	0.00029	0	0	0	0	0	0.58	0.43	0.45
262	1	0	0.00045	0	0	0	0	0	0	0	0	0	0.58	0.43	0.45
263	0.99	0	0.011	0	0	2.9e-05	0	0	0	0	0	0	0.58	0.43	0.45
264	0	0	0	1	0	0	0	0	0	0	0	3	0.047	0.14	0.05
265	1	0	0.0032	0	0	0.0001	0	0	0	0	0	0	0.58	0.43	0.45
266	0.96	0	0.035	0	0	0.001	0	0	0	0	0	0	0.58	0.43	0.45
267	0	1	0	0	0	0	0	0	0	0	0	1	0.047	0.048	0.4
268	0	1	0	0	0	0	0	0	0	0	0	1	0.047	0.048	0.4
269	0.92	0	0.075	0	0	0	0	0	0	0	0	0	0.58	0.43	0.45
270	1	0	0	0	0	0	0	0	0	0	0	0	0.58	0.43	0.45
271	1	0	0	0	0	0	0	0	0	0	0	0	0.58	0.43	0.45
272	1	0	0.0036	0	0	0	0	0	0	0	0	0	0.58	0.43	0.45
273	0.99	0	0.0045	0	0	0.0014	0	0	0	0	0	0	0.58	0.43	0.45
274	0.98	0	0.017	0	0	0	0	0	0	0	0	0	0.58	0.43	0.45
275	0	0	0	0.038	0	0.96	7.9e-06	0	0	9.9e-06	0	5	0.58	0.57	0.45
276	0	0	0	0.96	0	0	0.0064	0	0	0.032	0	3	0.047	0.14	0.05
277	1	0	0.0013	0	0	0	0	0	0	0	0	0	0.58	0.43	0.45
278	0	0	0	0	0	0	1	0	0	0	0	6	0.72	0.68	0.55
279	0	0	0	0	0	0	0.057	0	0	0.94	0	9	0.23	0.24	0.05
280	0.98	0	0.018	0	0	0.0003	0	0	0	0	0	0	0.58	0.43	0.45
281	1	0	0.00065	0	0	5.8e-05	0	0	0	0	0	0	0.58	0.43	0.45
282	0.98	0	0.016	0	0	9.7e-06	0	0	0	0	0	0	0.58	0.43	0.45
283	0.54	0	0.45	0	0	0.0095	2.7e-05	0	0	0	0	0	0.58	0.43	0.45
284	0.00015	0	0	0	0	1	0	0	0	0	0	5	0.58	0.57	0.45
285	0.038	0	0.0012	0	0	0.96	0.0029	0	0	0	0	5	0.58	0.57	0.45
286	0	0	0	0	0	0	0	0	0	1	0	9	0.23	0.24	0.05
287	0.85	0	0.15	0	0	0.0025	0	0	0	0	0	0	0.58	0.43	0.45
288	4.8e-05	0	0	0	0	1	0.0037	0	0	0	0	5	0.58	0.57	0.45
289	0	1	0	0	0	0	0	0.0048	0	0	0	1	0.047	0.048	0.4
290	0	1	0	0	0	0	0	0	0	0	0	1	0.047	0.048	0.4
291	0.00042	0	1.2e-05	0	0	1	0.0002	0	0	0	0	5	0.58	0.57	0.45
292	0	0	0	0	0	0	0.23	0	0	0.77	0	9	0.23	0.24	0.05
293	0	0	0	0	0	0	0	0	1	0	0	8	0.093	0	0
294	0	1	0	0	0	0	0	0	0	0	0	1	0.047	0.048	0.4
295	0.04	0	0.00069	0	0	0.95	0.0057	0	0	0	0	5	0.58	0.57	0.45
296	0	0	0	0	1	0	0	0	0	0	0	4	0.42	0.048	0
297	0.86	0	0.056	0	0	0.08	0.00032	0	0	0	1.9e-06	0	0.58	0.43	0.45
298	0.88	0	0.1	0	0	0.0027	0	0	0	0	0.017	0	0.58	0.43	0.45
299	0	0	0	0.022	0	0	0	0	0	0.98	0	9	0.23	0.24	0.05
300	0.92	0	0.035	0	0	0.001	0	0	0	0	0.042	0	0.58	0.43	0.45
301	0	0	1	0	0	0	0	0	0	0	0	2	0.58	0.43	0.55
302	0	0	0	0	1	0	0	0	0	0	0	4	0.42	0.048	0
303	1	0	0.00022	0	0	0	0	0	0	0	0	0	0.58	0.43	0.45
304	1	0	3.6e-05	0	0	0.0029	0	0	0	0	0	0	0.58	0.43	0.45
305	0	1	0	0	0	0	0	0	0	0	0	1	0.047	0.048	0.4
306	0.99	0	0.0039	0	0	0.0052	0	0	0	0	0	0	0.58	0.43	0.45
307	0.56	0	0.44	0	0	0.0018	0	0	0	0	0	0	0.58	0.43	0.45
308	0	1	0	0	0	0	0	0	0	0	0	1	0.047	0.048	0.4
309	0.85	0	0.13	0	0	0.026	2e-05	0	0	0	0	0	0.58	0.43	0.45
310	0	0	0	1	0	0	4.4e-06	0	0	0	0	3	0.047	0.14	0.05
311	0.51	0	0.00081	0	0	0.49	0	0	0	0	0	0	0.58	0.43	0.45
312	0	1	0	0	0	0	0	0	0	0	0	1	0.047	0.048	0.4
313	0.9	0	0.1	0	0	9.1e-05	0	0	0	0	0	0	0.58	0.43	0.45
314	0	0	0	1	0	0	0	0	0	0	0	3	0.047	0.14	0.05
315	1	0	0.0022	0	0	0.00011	0	0	0	0	0	0	0.58	0.43	0.45
316	1	0	0.0027	0	0	0	0	0	0	0	0	0	0.58	0.43	0.45
317	0	0	0	1	0	0	0	0	0	0	0	3	0.047	0.14	0.05
318	0.39	0	0.61	0	0	0	0	0	0	0	6.7e-06	2	0.58	0.43	0.55
319	0.99	0	0.0022	0	0	0.0001	0	0	0	0	0.0031	0	0.58	0.43	0.45
320	0.45	0	0.32	0	0	0.24	0	0	0	0	0	0	0.58	0.43	0.45
321	0.65	0	0.35	0	0	0.00045	0	0	0	0	0.00093	0	0.58	0.43	0.45
322	1	0	0	0	0	0	0	0	0	0	0	0	0.58	0.43	0.45
323	0	1	0	0	0	0	0	0	0	0	0	1	0.047	0.048	0.4
324	0.97	0	0.0024	0	0	1.1e-05	0	0	0	0	0.03	0	0.58	0.43	0.45
325	0.74	0	0.047	0	0	0.21	0.00054	0	0	0	1.9e-05	0	0.58	0.43	0.45
326	1	0	8.4e-06	0	0	0	0	0	0	0	0	0	0.58	0.43	0.45
327	0	1	0	0	0	0	0	0	0	0	0	1	0.047	0.048	0.4
328	0.77	0	0.044	0	0	0.19	1.4e-05	0	0	0	0	0	0.58	0.43	0.45
329	1	0	0.0014	0	0	0.00016	0	0	0	0	0	0	0.58	0.43	0.45
330	0	0	0	0	0.0043	0	0	0	0	1	0	9	0.23	0.24	0.05
331	1	0	0.00071	0	0	0	0	0	0	0	0	0	0.58	0.43	0.45
332	0.019	0	0.00047	0	0	0.019	0	0	0	0	0.96	10	1	0.54	0.45
333	0	0	0	0	0	0	0	1	0	0	0	7	0.58	0.19	0.35
334	1	0	0	0	0	0	0	0	0	0	0	0	0.58	0.43	0.45
335	1	0	0	0	0	0	0	0	0	0	0	0	0.58	0.43	0.45
336	1	0	7.3e-05	0	0	0	0	0	0	0	0	0	0.58	0.43	0.45
337	1	0	9.5e-05	0	0	0	0	0	0	0	0	0	0.58	0.43	0.45
338	3.8e-06	0	1e-05	0	0	0	0.00044	0	0	0	1	10	1	0.54	0.45
339	0	1	0	0	0	0	0	0	0	0	0	1	0.047	0.048	0.4
340	0.93	0	0.06	0	0	0.0059	0	0	0	0	0	0	0.58	0.43	0.45
341	1	0	6.9e-05	0	0	0	0	0	0	0	0	0	0.58	0.43	0.45
342	0.95	0	0.05	0	0	0.0014	0	0	0	0	0	0	0.58	0.43	0.45
343	0.6	0	0.16	0	0	0.22	0.019	0	0	0	0.00021	0	0.58	0.43	0.45
344	0.95	0	0.049	0	0	5.2e-05	0	0	0	0	0	0	0.58	0.43	0.45
345	0	1	0	0	0	0	0	0	0	0	0	1	0.047	0.048	0.4
346	0.12	0	0.012	0	0	0.74	0.13	0	0	0	0.00041	5	0.58	0.57	0.45
347	0.9	0	0.1	0	0	0.002	0	0	0	0	0	0	0.58	0.43	0.45
348	1	0	0.00084	0	0	2.1e-05	0	0	0	0	0	0	0.58	0.43	0.45
349	0.013	0	0.035	0	0	0.74	0.21	0	0	0	0	5	0.58	0.57	0.45
350	1	0	0.00081	0	0	2.3e-05	0	0	0	0	0	0	0.58	0.43	0.45
351	0.9	0	0.069	0	0	0.029	1.1e-05	0	0	0	0	0	0.58	0.43	0.45
352	0.81	0	0.12	0	0	0.072	2.7e-05	0	0	0	0	0	0.58	0.43	0.45
353	0	1	0	0	0	0	0	0	0	0	0	1	0.047	0.048	0.4
354	0.2	0	0.069	0	0	0.73	0.0025	0	0	0	0	5	0.58	0.57	0.45
355	0.12	0	0.83	0	0	0.047	0.0025	0	0	0	0	2	0.58	0.43	0.55
356	1	0	0.0014	0	0	4.8e-05	0	0	0	0	0	0	0.58	0.43	0.45
357	1	0	0.00019	0	0	0	0	0	0	0	0	0	0.58	0.43	0.45
358	1	0	0	0	0	0	0	0	0	0	0	0	0.58	0.43	0.45
359	1	0	0.0029	0	0	0	0	0	0	0	0	0	0.58	0.43	0.45
360	0.72	0	0.24	0	0	0.035	0.00039	0	0	0	1.5e-05	0	0.58	0.43	0.45
361	0.87	0	0.13	0	0	0	0	0	0	0	0	0	0.58	0.43	0.45
362	0.72	0	0.12	0	0	0.16	0.0015	0	0	0	6.6e-06	0	0.58	0.43	0.45
363	1	0	3.6e-05	0	0	0	0	0	0	0	0	0	0.58	0.43	0.45
364	0.14	0	0.82	0	0	0.018	0.021	0	0	0	0.00011	2	0.58	0.43	0.55
365	0.56	0	0.42	0	0	0.021	0.00018	0	0	0	0	0	0.58	0.43	0.45
366	0.89	0	0.088	0	0	0.022	7.4e-06	0	0	0	0	0	0.58	0.43	0.45
367	0	0	0	0	1	0	0	0	0	0	0	4	0.42	0.048	0
368	0.026	0	0.013	0	0	0.96	5.8e-05	0	0	0	0	5	0.58	0.57	0.45
369	1	0	0.00016	0	0	0	0	0	0	0	0	0	0.58	0.43	0.45
370	1	0	0.0027	0	0	0	0	0	0	0	0	0	0.58	0.43	0.45
371	0	0	0	1	0	0	0	0	0	0	0	3	0.047	0.14	0.05
372	0.99	0	0.0099	0	0	0.0013	0	0	0	0	0	0	0.58	0.43	0.45
373	0.64	0	0.015	0	0	0.34	1.1e-05	0	0	0	0	0	0.58	0.43	0.45
374	0	1	0	0	0	0	0	0	0	0	0	1	0.047	0.048	0.4
375	0	0	0	1	0	0	0	0	0	0	0	3	0.047	0.14	0.05
376	1	0	0	0	0	0	0	0	0	0	0	0	0.58	0.43	0.45
377	1	0	3.8e-05	0	0	0	0	0	0	0	0	0	0.58	0.43	0.45
378	0	0	0	0	1	0	0	0	0	0	0	4	0.42	0.048	0
379	0.99	0	0.0082	0	0	0	0	0	0	0	0	0	0.58	0.43	0.45
380	0.91	0	0.088	0	0	0	0	0	0	0	0	0	0.58	0.43	0.45
381	0.93	0	0.029	0	0	0.045	9.3e-05	0	0	0	0.00011	0	0.58	0.43	0.45
382	0.0088	0	0.0001	0	0	0.99	0.0012	0	0	0	0	5	0.58	0.57	0.45
383	0.92	0	0.022	0	0	0.061	4.1e-05	0	0	0	2.5e-06	0	0.58	0.43	0.45
384	0.35	0	0.00079	0	0	0.65	0.00016	0	0	0	5.7e-06	5	0.58	0.57	0.45
385	0.99	0	0.0064	0	0	0.007	0	0	0	0	0	0	0.58	0.43	0.45
386	0.039	0	0.09	0	0	0.57	0.3	0	0	0	0	5	0.58	0.57	0.45
387	1	0	0	0	0	0	0	0	0	0	0	0	0.58	0.43	0.45
388	0.12	0	0.0088	0	0	0.87	0.00075	0	0	0	0	5	0.58	0.57	0.45
389	0.42	0	0.5	0	0	0.069	0.011	0	0	0	0.00012	2	0.58	0.43	0.55
390	0.83	0	0.097	0	0	0.076	0.00084	0	0	0	5.9e-05	0	0.58	0.43	0.45
391	0.87	0	0.13	0	0	0	0	0	0	0	0	0	0.58	0.43	0.45
392	1	0	0	0	0	0	0	0	0	0	0	0	0.58	0.43	0.45
393	0.98	0	0.0088	0	0	0.0072	0	0	0	0	0	0	0.58	0.43	0.45
394	0.001	0	0	0	0	1	0.0037	0	0	0	0	5	0.58	0.57	0.45
395	0	0	0	0	1	0	0	0	0	0	0	4	0.42	0.048	0
396	0.97	0	0.022	0	0	0.0058	0	0	0	0	0	0	0.58	0.43	0.45
397	0.96	0	0.043	0	0	0	0	0	0	0	0	0	0.58	0.43	0.45
398	0.63	0	0.0078	0	0	0.36	0	0	0	0	0	0	0.58	0.43	0.45
399	0.86	0	0.13	0	0	0.0065	0	0	0	0	0	0	0.58	0.43	0.45
400	0	0	0	0	0	0	0	0	0	1	0	9	0.23	0.24	0.05
401	1	0	0.0021	0	0	0.00025	0	0	0	0	0	0	0.58	0.43	0.45
402	0	0	0	0	0	0	0	0	0	1	0	9	0.23	0.24	0.05
403	0.89	0	0.1	0	0	0.0037	1.1e-06	0	0	0	0	0	0.58	0.43	0.45
404	0.89	0	0.056	0	0	0.056	0	0	0	0	0	0	0.58	0.43	0.45
405	1	0	0	0	0	0	0	0	0	0	0	0	0.58	0.43	0.45
406	0.95	0	0.044	0	0	0.0038	3.7e-06	0	0	0	7.3e-06	0	0.58	0.43	0.45
407	0.3	0	0	0	0	0	0	0.7	0	0	0	7	0.58	0.19	0.35
408	0	1	0	0	0	0	0	0	0	0	0	1	0.047	0.048	0.4
409	0.75	0	0.25	0	0	0.0016	2.4e-06	0	0	0	0	0	0.58	0.43	0.45
410	1	0	0.0036	0	0	0	0	0	0	0	0	0	0.58	0.43	0.45
411	0	0	0	1	0	0	0	0	0	0	0	3	0.047	0.14	0.05
412	0.99	0	0.015	0	0	0.00015	0	0	0	0	0	0	0.58	0.43	0.45
413	0.99	0	0.0051	0	0	6.1e-06	0	0	0	0	0	0	0.58	0.43	0.45
414	0.98	0	0.023	0	0	0	0	0	0	0	0	0	0.58	0.43	0.45
415	0.78	0	0.018	0	0	0.027	1.1e-05	0	0	0	0.17	0	0.58	0.43	0.45
416	0.0064	0	0.0014	0	0	0.01	0	0	0	0	0.98	10	1	0.54	0.45
417	0.67	0	0.33	0	0	0.00018	0	0	0	0	0	0	0.58	0.43	0.45
418	0.98	0	0.00046	0	0	0.024	0	0	0	0	0	0	0.58	0.43	0.45
419	0.88	0	0.12	0	0	0.0015	0	0	0	0	0	0	0.58	0.43	0.45
420	0.9	0	0.035	0	0	0.061	5.6e-06	0	0	0	0	0	0.58	0.43	0.45
421	0.93	0	0.039	0	0	0.03	2.4e-05	0	0	0	0	0	0.58	0.43	0.45
422	0.056	0	1.5e-05	0	0	0.94	0	0	0	0	0	5	0.58	0.57	0.45
423	0.0098	0	4.6e-05	0	0	0.99	0	0	0	0	0	5	0.58	0.57	0.45
424	0.99	0	0.0092	0	0	0	0	0	0	0	0	0	0.58	0.43	0.45
425	1	0	0	0	0	0	0	0	0	0	0	0	0.58	0.43	0.45
426	0	0	0	0	0	0	0	0	0	1	0	9	0.23	0.24	0.05
427	0	1	0	0	0	0	0	0	0	0	0	1	0.047	0.048	0.4
428	0	0	0	0	1	0	0	0	0	0.0011	0	4	0.42	0.048	0
429	1	0	1.8e-05	0	0	0	0	0	0	0	0	0	0.58	0.43	0.45
430	0.95	0	0.044	0	0	0.0051	0	0	0	0	0	0	0.58	0.43	0.45
431	1	0	0.00022	0	0	0	0	0	0	0	0	0	0.58	0.43	0.45
432	0.87	0	0.13	0	0	0.00034	0	0	0	0	0	0	0.58	0.43	0.45
433	0.63	0	0.37	0	0	5.8e-05	0	0	0	0	0	0	0.58	0.43	0.45
434	0.64	0	0.23	0	0	0.13	0.00066	0	0	0	0	0	0.58	0.43	0.45
435	0	1	0	0	0	0	0	0	0	0	0	1	0.047	0.048	0.4
436	0.96	0	0.038	0	0	2.2e-06	0	0	0	0	0	0	0.58	0.43	0.45
437	1	0	0	0	0	0	0	0	0	0	0	0	0.58	0.43	0.45
438	0	0	0	2.3e-06	0	1	0	0	0	0	0	5	0.58	0.57	0.45
439	1	0	0.00054	0	0	0	0	0	0	0	0	0	0.58	0.43	0.45
440	1	0	0.00058	0	0	0	0	0	0	0	0	0	0.58	0.43	0.45
441	0	0	0	0	0	0	0	1	0	0	0	7	0.58	0.19	0.35
442	0	0	0	0	0	0	0	0	0	0	1	10	1	0.54	0.45
443	0.00056	0	0	0	0	0	0	1	0	0	0	7	0.58	0.19	0.35
444	0.011	0	0.99	0	0	0	0	0	0	0	0	2	0.58	0.43	0.55
445	0	0	0	1	0	0	0	0	0	0	0	3	0.047	0.14	0.05
446	0.32	0	0.68	0	0	1.6e-05	0	0	0	0	0	2	0.58	0.43	0.55
447	0.77	0	0.23	0	0	0.0005	0	0	0	0	0	0	0.58	0.43	0.45
448	0.62	0	0.32	0	0	0.06	8.2e-05	0	0	0	0.001	0	0.58	0.43	0.45
449	0	0.69	0	0	0	0	0	0.31	0	0	0	1	0.047	0.048	0.4
450	1	0	2.5e-05	0	0	4.4e-06	0	0	0	0	0	0	0.58	0.43	0.45
451	0.63	0	0.32	0	0	0.048	0.00063	0	0	0	5.1e-06	0	0.58	0.43	0.45
452	0	0	1	0	0	0	0	0	0	0	0	2	0.58	0.43	0.55
453	0	1	0	0	0	0	0	0	0	0	0	1	0.047	0.048	0.4
454	0.98	0	0.019	0	0	0.0022	0	0	0	0	1.2e-06	0	0.58	0.43	0.45
455	1	0	0.00088	0	0	0	0	0	0	0	0	0	0.58	0.43	0.45
456	0.48	0	0.068	0	0	0.42	0.033	0	0	0	1.3e-05	0	0.58	0.43	0.45
457	0.87	0	0.12	0	0	0.016	0	0	0	0	0	0	0.58	0.43	0.45
458	0	0	0	0	0.93	0	0	0	0	0	0.068	4	0.42	0.048	0
459	0.99	0	0.007	0	0	0	0	0	0	0	0	0	0.58	0.43	0.45
460	0.84	0	0.16	0	0	0.00064	0	0	0	0	0	0	0.58	0.43	0.45
461	8.6e-05	0	1.3e-05	0	0	0	0	0	0	0	1	10	1	0.54	0.45
462	0.79	0	0.15	0	0	0.057	0.0013	0	0	0	0.00022	0	0.58	0.43	0.45
463	0.99	0	0.0029	0	0	0.0032	0	0	0	5.9e-06	0	0	0.58	0.43	0.45
464	0.74	0	0.23	0	0	0.036	1.6e-06	0	0	0	0	0	0.58	0.43	0.45
465	0.04	0	0.00067	0	0	0.78	0.17	0	0	0	0	5	0.58	0.57	0.45
466	0	1	0	0	0	0	0	0	0	0	0	1	0.047	0.048	0.4
467	0.0048	0	0.00029	0	0	0.96	0.036	0	0	0	0	5	0.58	0.57	0.45
468	0.27	0	0.042	0	0	0.68	0.015	0	0	0	3.3e-06	5	0.58	0.57	0.45
469	0.46	0	0.021	0	0	0.44	0.075	0	0	0	0.0051	0	0.58	0.43	0.45
470	0.004	0	0	0	0	1	0	0	0	0	0	5	0.58	0.57	0.45
471	0	0	0	1	0	0	0	0	0	0	0	3	0.047	0.14	0.05
472	0.18	0	0.11	0	0	0.71	0	0	0	0	0	5	0.58	0.57	0.45
473	0.72	0	0.14	0	0	0.13	0.0063	0	0	0	0.00029	0	0.58	0.43	0.45
474	0.18	0	0.012	0	0	0.8	0	0	0	0	0	5	0.58	0.57	0.45
475	0.0034	0	2.8e-05	0	0	1	3.6e-05	0	0	0	0	5	0.58	0.57	0.45
476	0.029	0	0.038	0	0	0.82	0.11	0	0	0	0	5	0.58	0.57	0.45
477	0.7	0	0.0072	0	0	0.3	2.8e-05	0	0	0	0	0	0.58	0.43	0.45
478	0.00062	0	0	0	0	1	0	0	0	0	0	5	0.58	0.57	0.45
479	0	0	0	0.00075	0	0	0.1	0	0	0.9	0	9	0.23	0.24	0.05
480	0.015	0	0.97	0	0	0	0.014	0	0	0	0	2	0.58	0.43	0.55
481	0.017	0	0.98	0	0	0	0.00034	0	0	0	0	2	0.58	0.43	0.55
482	0.091	0	0.91	0	0	0.0005	0	0	0	0	0	2	0.58	0.43	0.55
483	0.0021	0	0	0	0	1	0	0	0	0	0	5	0.58	0.57	0.45
484	0	0	0	0	0	0	0	0	0	1	0	9	0.23	0.24	0.05
485	0	0	0	0	1	0	0	0	0	0	0	4	0.42	0.048	0
486	0	0	0	0	1	0	0	0	0	0	0	4	0.42	0.048	0
487	0	0	0	0	0	0	0	1	0	0	0	7	0.58	0.19	0.35
488	0	1	0	0	0	0	0	0	0	0	0	1	0.047	0.048	0.4
489	0.9	0	0.007	0	0	0.073	6e-06	0.01	0	0.0091	0	0	0.58	0.43	0.45
490	0.38	0	0.62	0	0	0	0.00093	0	0	0	0	2	0.58	0.43	0.55
491	0.26	0	0.74	0	0	0.0025	0.00069	0	0	0	0	2	0.58	0.43	0.55
492	0	0	0	1	0	0	0	0	0	0	0	3	0.047	0.14	0.05
493	0.0017	0	0	0	0	1	0	0	0	0	0	5	0.58	0.57	0.45
494	0	0	0	0	0	0.97	0.029	0	0	0	0	5	0.58	0.57	0.45
495	0.0076	0	5.8e-06	0	0	0.99	2.8e-05	0	0	0	0	5	0.58	0.57	0.45
496	0.068	0	0.00025	0	0	0.93	0.0011	0	0	0	0	5	0.58	0.57	0.45
497	0.017	0	0.00012	0	0	0.98	0.0039	0	0	0	0	5	0.58	0.57	0.45
498	0	1	0	0	0	0	0	0	0	0	0	1	0.047	0.048	0.4
499	0.0027	0	0.0017	0	0	0.025	0.77	0	0	0	0.2	6	0.72	0.68	0.55
500	0	0	0	1	0	0	0	0	0	0	0	3	0.047	0.14	0.05
501	0.64	0	0.32	0	0	0.034	0.0015	0	0	0	0.005	0	0.58	0.43	0.45
502	0.86	0	0.019	0	0	0.0018	0.12	0	0	0	0.0033	0	0.58	0.43	0.45
503	0.66	0	0.34	0	0	0.00071	0	0	0	0	0	0	0.58	0.43	0.45
504	0	0	0	0	0	0	0	0	0	1	0	9	0.23	0.24	0.05
505	2.2e-06	0	0	0	0	1	0	0	0	0	0	5	0.58	0.57	0.45
506	0.99	0	0.0024	0	0	0.0092	0	0	0	0	0	0	0.58	0.43	0.45
507	1	0	0.00018	0	0	0	0	0	0	0	0	0	0.58	0.43	0.45
508	0.029	0	0.0054	0	0	0.78	0.18	0	0	0	9.5e-06	5	0.58	0.57	0.45
509	0	0	0	0	1	0	0	0	0	0.0015	0	4	0.42	0.048	0
510	1	0	0.00039	0	0	0	0	0	0	0	0	0	0.58	0.43	0.45
511	0	0	0	0	0	0	0	0	0	1	0	9	0.23	0.24	0.05
512	1	0	0	0	0	0	0	0	0	0	0	0	0.58	0.43	0.45
513	0	0	0	0	0	0	0	0	0	1	0	9	0.23	0.24	0.05
514	1	0	0.00021	0	0	0	0	0	0	0	0	0	0.58	0.43	0.45
515	0.73	0	0.11	0	0	0.15	0.0034	0	0	0	0.0002	0	0.58	0.43	0.45
516	0.91	0	0.0061	0	0	0.085	0	0	0	0	0	0	0.58	0.43	0.45
517	0.065	0	0	0	0	0	0	0.94	0	0	0	7	0.58	0.19	0.35
518	1	0	0.00016	0	0	0	0	0	0	0	0	0	0.58	0.43	0.45
519	0	1	0	0	0	0	0	0	0	0	0	1	0.047	0.048	0.4
520	0.96	0	0.041	0	0	0.0017	0	0	0	0	0	0	0.58	0.43	0.45
521	0.0037	0.97	0	0	0	0	0	0.025	0	0	0	1	0.047	0.048	0.4
522	0	0	0	0	0	0.21	0.79	0	0	0	0	6	0.72	0.68	0.55
523	0.25	0	0.07	0	0	0.49	0.19	0	0	0	4e-06	5	0.58	0.57	0.45
524	0	0	0	0	0	0.29	0.71	0	0	0	0	6	0.72	0.68	0.55
525	0	0	0	1	0	0	0	0	0	0	0	3	0.047	0.14	0.05
526	0	0	0	0	0	1	2.1e-06	0	0	0	0	5	0.58	0.57	0.45
527	0.0078	0	0.99	0	0	0.00069	0.0003	0	0	0	0	2	0.58	0.43	0.55
528	0.0041	0	0.0059	0	0	0.0091	0.91	0	0	0	0.076	6	0.72	0.68	0.55
529	0	0	0	1	0	0	0	0	0	0	0	3	0.047	0.14	0.05
530	0	0	0	0	0	1	0.0028	0	0	0	0	5	0.58	0.57	0.45
531	0	0	0	0	0	0.94	0.065	0	0	0	0	5	0.58	0.57	0.45
532	0	0	0	0	0	0	0	0	0	1	0	9	0.23	0.24	0.05
533	1	0	3.7e-05	0	0	0	0	0	0	0	0	0	0.58	0.43	0.45
534	0.056	0	0.028	0	0	5.3e-05	0.92	0	0	0	0	6	0.72	0.68	0.55
535	1.5e-05	0	0	0	0	1	1.1e-05	0	0	0	0	5	0.58	0.57	0.45
536	0	0	0	0	0	0	0	0	0	1	0	9	0.23	0.24	0.05
537	0.66	0	0.035	0	0	0.3	0.0032	0	0	0	0	0	0.58	0.43	0.45
538	7.4e-05	0	0	0	0	1	4.8e-06	0	0	0	0	5	0.58	0.57	0.45
539	1	0	0.0035	0	0	6.8e-06	0.0012	0	0	0	0	0	0.58	0.43	0.45
540	0	0	1	0	0	2.4e-06	2.9e-06	0	0	0	0	2	0.58	0.43	0.55
541	0	0	0	0	0	1	0.00083	0	0	0	0	5	0.58	0.57	0.45
542	0	0	0	0	0	0	0	0	0	1	0	9	0.23	0.24	0.05
543	1	0	1.6e-05	0	0	0	0	0	0	0	0	0	0.58	0.43	0.45
544	0	1	0	0	0	0	0	0	0	0	0	1	0.047	0.048	0.4
545	0.79	0	0.17	0	0	0.038	0.00025	0	0	0	4.9e-06	0	0.58	0.43	0.45
546	0	1	0	0	0	0	0	0	0	0	0	1	0.047	0.048	0.4
547	1	0	0.0016	0	0	8.1e-06	0	0	0	0	0	0	0.58	0.43	0.45
548	0.51	0	0.49	0	0	4.9e-05	0	0	0	0	0	0	0.58	0.43	0.45
549	0.97	0	0.028	0	0	1.6e-05	0	0	0	0	0	0	0.58	0.43	0.45
550	0.97	0	0.019	0	0	0.013	0	0	0	0	0	0	0.58	0.43	0.45
551	0	1	0	0	0	0	0	0	0	0	0	1	0.047	0.048	0.4
552	0.98	0	0.015	0	0	0.0063	0	0	0	0	0	0	0.58	0.43	0.45
553	0	0	0	0	0	0	0	0	0	1	0	9	0.23	0.24	0.05
554	0	0	0	0.82	0	0	0	0	0	0.18	0	3	0.047	0.14	0.05
555	1	0	0.00065	0	0	0	0	0	0	0	0	0	0.58	0.43	0.45
556	0.23	0	0.77	0	0	0.0048	0.0012	0	0	0	2.1e-05	2	0.58	0.43	0.55
557	0.77	0	0.23	0	0	2.7e-05	0	0	0	0	0	0	0.58	0.43	0.45
558	8.4e-06	0	9.9e-06	0	0	0.99	0.0091	0	0	0	0	5	0.58	0.57	0.45
559	0.27	0	0.73	0	0	0	0	0	0	0	0	2	0.58	0.43	0.55
560	0	0	0	0.2	0	0	0	0	0	0.8	0	9	0.23	0.24	0.05
561	0.55	0	0.4	0	0	0.042	0.00026	0	0	0	0	0	0.58	0.43	0.45
562	1	0	0.0021	0	0	7.7e-05	0	0	0	0	0	0	0.58	0.43	0.45
563	0	0	0	0	0	0	0	0	0	1	0	9	0.23	0.24	0.05
564	0	0	0	0	0	0	0	0	1	0	0	8	0.093	0	0
565	0.72	0	0.22	0	0	0.063	0.0012	0	0	0	9.3e-06	0	0.58	0.43	0.45
566	0.63	0	0.33	0	0	0.031	0.00019	0	0	0	0	0	0.58	0.43	0.45
567	0	0	0	2.3e-05	0	0	0	0	0	1	0	9	0.23	0.24	0.05
568	0.99	0	0.012	0	0	0.00011	0	0	0	0	0	0	0.58	0.43	0.45
569	0.54	0	0.46	0	0	0.0042	4.9e-05	0	0	0	2.8e-05	0	0.58	0.43	0.45
570	0.69	0	0.031	0	0	0.18	0.02	0	0	0	0.081	0	0.58	0.43	0.45
571	0.95	0	0.032	0	0	0.013	7.8e-06	0	0	0	2.2e-05	0	0.58	0.43	0.45
572	0	0	0	0.21	0	0	0	0	0	0.79	0	9	0.23	0.24	0.05
573	0	0	0	0	0	0	0	0	1	0	0	8	0.093	0	0
574	0	0	0	0	0	0	0	0	0	1	0	9	0.23	0.24	0.05
575	0	0	0	1	0	0	0	0	0	3.9e-05	0	3	0.047	0.14	0.05
576	0	0	0	1	0	0	0	0	0	0	0	3	0.047	0.14	0.05
577	0.93	0	0.071	0	0	2.8e-05	0	0	0	0	0	0	0.58	0.43	0.45
578	0.16	0	0.84	0	0	0	0	0	0	0	0	2	0.58	0.43	0.55
579	0.83	0	0.17	0	0	3.1e-06	0	0	0	0	0	0	0.58	0.43	0.45
580	0.96	0	0.019	0	0	0.021	1.7e-06	0	0	0	0	0	0.58	0.43	0.45
581	0.68	0	0.023	0	0	0.29	0.00014	0	0	0	0	0	0.58	0.43	0.45
582	0	1	0	0	0	0	0	0	0	0	0	1	0.047	0.048	0.4
583	0	0	0	1	0	0	0	0	0	0	0	3	0.047	0.14	0.05
584	0.78	0	0.2	0	0	0.015	0.0001	0	0	0	2.3e-05	0	0.58	0.43	0.45
585	0.9	0	0.1	0	0	0.001	0	0	0	0	0	0	0.58	0.43	0.45
586	0.99	0	0.0089	0	0	3.6e-06	0	0	0	0	0	0	0.58	0.43	0.45
587	0	0	0	0	1	0	0	0	0	0	0	4	0.42	0.048	0
588	0	0	0	0	0	0	0	0	0	1	0	9	0.23	0.24	0.05
589	0.6	0	0.4	0	0	0.0011	0	0	0	0	0	0	0.58	0.43	0.45
590	0.77	0	0.22	0	0	0.0079	2.4e-06	0	0	0	0	0	0.58	0.43	0.45
591	0.87	0	0.13	0	0	0.0014	0	0	0	0	0	0	0.58	0.43	0.45
592	1	0	0.00068	0	0	0	0	0	0	0	0	0	0.58	0.43	0.45
593	1	0	0.0025	0	0	1.7e-06	0	0	0	0	0	0	0.58	0.43	0.45
594	0	0	0	0	0	0	0	0	0	1	0	9	0.23	0.24	0.05
595	0.98	0	0.022	0	0	0	0	0	0	0	0	0	0.58	0.43	0.45
596	0.89	0	0.048	0	0	0.058	9.7e-06	0	0	0	0	0	0.58	0.43	0.45
597	0.85	0	0.15	0	0	0.00016	0	0	0	0	0	0	0.58	0.43	0.45
598	0	0	0	1	0	0	0	0	0	0	0	3	0.047	0.14	0.05
599	1	0	0.0026	0	0	4.6e-05	0	0	0	0	0	0	0.58	0.43	0.45
600	0.97	0	0.033	0	0	9.2e-06	0	0	0	0	0	0	0.58	0.43	0.45
601	0.95	0	0.047	0	0	0.0011	0	0	0	0	0	0	0.58	0.43	0.45
602	0.76	0	0.22	0	0	0.013	2.7e-05	0	0	0	0	0	0.58	0.43	0.45
603	1	0	0	0	0	1.2e-06	0	0	0	0	0	0	0.58	0.43	0.45
604	0	0	0	1	0	0	0	0	0	0	0	3	0.047	0.14	0.05
605	0.46	0	0.004	0	0	0.00035	0	0	0	0	0.53	10	1	0.54	0.45
606	0.025	0	0.00051	0	0	0.0079	0	0	0	0	0.97	10	1	0.54	0.45
607	1	0	0.00094	0	0	0	0	0	0	0	0	0	0.58	0.43	0.45
608	0	0	0	0	0.99	0	0	0	0.0074	0	0	4	0.42	0.048	0
609	1	0	0.00096	0	0	0	0	0	0	0	0	0	0.58	0.43	0.45
610	0.99	0	0.0062	0	0	3.1e-05	0	0	0	0	0	0	0.58	0.43	0.45
611	0	1	0	0	0	0	0	0	0	0	0	1	0.047	0.048	0.4
612	0.3	0	0.15	0	0	0.53	0.024	0	0	0	0	5	0.58	0.57	0.45
613	1	0	0	0	0	0	0	0	0	0	0	0	0.58	0.43	0.45
614	0.99	0	0.0046	0	0	0.0058	0	0	0	0	0	0	0.58	0.43	0.45
615	1	0	0.0031	0	0	0.00016	0	0	0	0	0	0	0.58	0.43	0.45
616	0	0	0	1	0	0	4.7e-05	0	0	0	0	3	0.047	0.14	0.05
617	0	0	0	0	0	0	1	0	0	5e-05	0	6	0.72	0.68	0.55
618	0.99	0	0.0085	0	0	0	0	0	0	0	0	0	0.58	0.43	0.45
619	0.9	0	0.089	0	0	0.014	3.7e-06	0	0	0	0	0	0.58	0.43	0.45
620	0	0.18	0	0.82	0	0	0	0	0	0	0	3	0.047	0.14	0.05
621	0	0	1	0	0	0	0	0	0	0	0	2	0.58	0.43	0.55
622	0	0	1	0	0	0	0	0	0	0	0	2	0.58	0.43	0.55
623	0	0	1	0	0	0	0.00011	0	0	0	0	2	0.58	0.43	0.55
624	0.98	0	0.015	0	0	0.0011	0	0	0	0	0	0	0.58	0.43	0.45
625	0.088	0	0.7	0	0	0.008	0.2	0	0	0	0.0019	2	0.58	0.43	0.55
626	0.00037	0	0	0	0	1	0	0	0	0	0	5	0.58	0.57	0.45
627	0	0	0	1	0	0	0	0	0	0	0	3	0.047	0.14	0.05
628	0.082	0	3.5e-06	0	0	0.92	0	0	0	0	0	5	0.58	0.57	0.45
629	0.02	0	0.0023	0	0	0.13	0.84	0	0	0	0.00099	6	0.72	0.68	0.55
630	0.99	0	0.011	0	0	0.00012	0	0	0	0	0	0	0.58	0.43	0.45
631	0.71	0	0.011	0	0	0.28	7.2e-05	0	0	0	0	0	0.58	0.43	0.45
632	0	0	0	0.97	0	0	0	0	0	0.031	0	3	0.047	0.14	0.05
633	0.32	0	0.68	0	0	0	0	0	0	0	0	2	0.58	0.43	0.55
634	0.9	0	0.045	0	0	0.054	7.4e-06	0	0	0	0	0	0.58	0.43	0.45
635	0	1	0	0	0	0	0	0	0	0	0	1	0.047	0.048	0.4
636	0.89	0	0.11	0	0	2.2e-06	0	0	0	0	0	0	0.58	0.43	0.45
637	0	0	0	1	0	0	0	0	0	0.00014	0	3	0.047	0.14	0.05
638	0	0	1	0	0	0	0	0	0	0	0	2	0.58	0.43	0.55
639	0	0	0	1	0	0	0	0	0	0	0	3	0.047	0.14	0.05
640	0	0	1	0	0	0	0	0	0	0	0	2	0.58	0.43	0.55
641	0	0	0	0	0	0	0	0	0	1	0	9	0.23	0.24	0.05
642	0	0	0	0	0	1	0.00052	0	0	0	0.00011	5	0.58	0.57	0.45
643	1	0	0.0015	0	0	0.0012	0	0	0	0	0.0001	0	0.58	0.43	0.45
644	0	0	1	0	0	0	0	0	0	0	0	2	0.58	0.43	0.55
645	0	0	1	0	0	0	0	0	0	0	0	2	0.58	0.43	0.55
646	0.017	0	9.1e-05	0	0	0.15	0	0	0	0	0.84	10	1	0.54	0.45
647	0	0	0	0	1	0	0	0	0	0	0	4	0.42	0.048	0
648	0.12	0	0.0075	0	0	0.75	0.028	0	0	0	0.098	5	0.58	0.57	0.45
649	0	0	0	0	0	0	0	1	0	0	0	7	0.58	0.19	0.35
650	0.21	0	0.019	0	0	0.76	0.00064	0	0	0	0.015	5	0.58	0.57	0.45
651	0	0	1	0	0	0	0	0	0	0	0	2	0.58	0.43	0.55
652	0.0044	0	7.7e-05	0	0	1	0.00016	0	0	0	0	5	0.58	0.57	0.45
653	0	0	0	1	0	0	0	0	0	0	0	3	0.047	0.14	0.05
654	0	0	1	0	0	0	0	0	0	0	0	2	0.58	0.43	0.55
655	0	0	1	0	0	0	0	0	0	0	0	2	0.58	0.43	0.55
656	0	1	0	0	0	0	0	0	0	0	0	1	0.047	0.048	0.4
657	0.93	0	0.0029	0	0	0.07	0.0005	0	0	0	0	0	0.58	0.43	0.45
658	0.81	0	0.00055	0	0	0.19	8.5e-06	0	0	0	5.4e-06	0	0.58	0.43	0.45
659	1	0	0	0	0	0	0	0	0	0	0	0	0.58	0.43	0.45
660	1	0	0.0026	0	0	2.1e-06	0	0	0	0	0	0	0.58	0.43	0.45
661	0.52	0	0.11	0	0	0.0009	0.36	0	0	0	6.5e-05	0	0.58	0.43	0.45
662	0	1	0	0	0	0	0	0	0	0	0	1	0.047	0.048	0.4
663	0	0	0	0	0	0	0	1	0	0	0	7	0.58	0.19	0.35
664	0.00037	0	3.2e-06	0	0	1	1.8e-05	0	0	0	0	5	0.58	0.57	0.45
665	0.00031	0	1	0	0	0	0	0	0	0	0	2	0.58	0.43	0.55
666	0.17	0	0.0096	0	0	0.71	0.11	0	0	0	0.00096	5	0.58	0.57	0.45
667	0.25	0	0.0022	0	0	0.75	5.6e-06	0	0	0	0	5	0.58	0.57	0.45
668	0.027	0	0.0007	0	0	0.97	0.00013	0	0	0	0	5	0.58	0.57	0.45
669	1	0	2.9e-06	0	0	0	0	0	0	0	0	0	0.58	0.43	0.45
670	0	1	0	0	0	0	0	0	0	0	0	1	0.047	0.048	0.4
671	0	1	0	0	0	0	0	0	0	0	0	1	0.047	0.048	0.4
672	0	0	0	1	0	0	0	0	0	1.1e-06	0	3	0.047	0.14	0.05
673	0.19	0	0.0033	0	0	0.8	0.0039	0	0	0	2e-06	5	0.58	0.57	0.45
674	0.0004	0	5.9e-06	0	0	0.98	0.016	0	0	0	0	5	0.58	0.57	0.45
675	0	0	0	0	0	0	0	1	0	0	0	7	0.58	0.19	0.35
676	0	0	0	1	0	0	0	0	0	0	0	3	0.047	0.14	0.05
677	1	0	9.4e-06	0	0	0	0	0	0	0	0	0	0.58	0.43	0.45
678	0	0	0	0	0	0	0	0	1	0	0	8	0.093	0	0
679	2.4e-05	0	0	0	0	1	2.5e-05	0	0	0	0	5	0.58	0.57	0.45
680	0.022	0	0.00017	0	0	0.97	0.0028	0	0	0	0	5	0.58	0.57	0.45
681	0.98	0	0.018	0	0	0.0011	0.0001	0	0	0	0	0	0.58	0.43	0.45
682	0	0	0	0	1	0	0	0	0	0	0	4	0.42	0.048	0
683	0	0	0	0	1	0	0	0	0	0.00017	0	4	0.42	0.048	0
684	0.0035	0	0.00012	0	0	0	0	1	0	0	0	7	0.58	0.19	0.35
685	0.98	0	0.0019	0	0	0.018	0	0	0	0	0	0	0.58	0.43	0.45
686	0.0006	0	0.00021	0	0	0.76	0.24	0	0	0	0	5	0.58	0.57	0.45
687	0.34	0	0.66	0	0	0	0	0	0	0	0	2	0.58	0.43	0.55
688	0	0	0	1	0	0	0	0	0	0	0	3	0.047	0.14	0.05
689	1	0	0	0	0	1.2e-06	0	0	0	0	0	0	0.58	0.43	0.45
690	0.9	0	0.1	0	0	0.00063	0	0	0	0	0	0	0.58	0.43	0.45
691	1	0	0	0	0	0	0	0	0	0	0	0	0.58	0.43	0.45
692	0.86	0	0.11	0	0	0.033	0.00081	0	0	0	0.00091	0	0.58	0.43	0.45
693	0.99	0	0.00064	0	0	0.012	0	0	0	0	0	0	0.58	0.43	0.45
694	0	0	0	0	0	0	0	0	0	1	0	9	0.23	0.24	0.05
695	0.0041	0	9.1e-06	0	0	1	0	0	0	0	0	5	0.58	0.57	0.45
696	0	1	0	0	0	0	0	0	0	0	0	1	0.047	0.048	0.4
697	0.52	0	0.094	0	0	0.38	0.00029	0	0	0	0	0	0.58	0.43	0.45
698	0.96	0	0.0094	0	0	0.035	3.8e-05	0	0	0	0.00018	0	0.58	0.43	0.45
699	0	0	0	6.3e-06	0	0	0	0	1	0	0	8	0.093	0	0
700	0.73	0	0.17	0	0	0.087	0.0021	0	0	0	0.0013	0	0.58	0.43	0.45
701	0	0	0	0	0	0.021	0.98	0	0	0	0	6	0.72	0.68	0.55
702	0.76	0	0.24	0	0	1.2e-05	0	0	0	0	0	0	0.58	0.43	0.45
703	0	0	0	1	0	0	0	0	0	0	0	3	0.047	0.14	0.05
704	0.99	0	0.006	0	0	1.7e-05	0	0	0	0	0	0	0.58	0.43	0.45
705	0.51	0	0.019	0	0	0.46	0.0057	0	0	0	2.6e-06	0	0.58	0.43	0.45
706	0	1	0	0	0	0	0	0	0	0	0	1	0.047	0.048	0.4
707	3.5e-06	0	0	0	0	0	6.5e-05	0	0	0	1	10	1	0.54	0.45
708	0	0	1e-06	0	0	0.0003	1	0	0	0	7.4e-06	6	0.72	0.68	0.55
709	0	1	0	0.003	0	0	0	0	0	0	0	1	0.047	0.048	0.4
710	0.99	0	0.0069	0	0	0.00013	0	0	0	0	0	0	0.58	0.43	0.45
711	0.0002	0	3.9e-05	0	0	0.14	0.86	0	0	0	0	6	0.72	0.68	0.55
712	0.85	0	0.0014	0	0	0.15	0	0	0	0	0	0	0.58	0.43	0.45
713	0.95	0	0.047	0	0	0.0076	0	0	0	0	1.5e-06	0	0.58	0.43	0.45
714	1	0	0	0	0	0	0	0	0	0	0	0	0.58	0.43	0.45
715	0	0	0	1	0	0	0	0	0	0	0	3	0.047	0.14	0.05
716	0	1	0	0	0	0	0	0	0	0	0	1	0.047	0.048	0.4
717	0	0	0	1	0	0	0	0	0	0.0002	0	3	0.047	0.14	0.05
718	0.0011	0	9.8e-05	0	0	1	0	0	0	0	0	5	0.58	0.57	0.45
719	0.00038	0	0	0	0	1	0.0033	0	0	0	0	5	0.58	0.57	0.45
720	0.77	0	0.23	0	0	9.6e-05	0	0	0	0	0	0	0.58	0.43	0.45
721	1	0	0	0	0	0	0	0	0	0	0	0	0.58	0.43	0.45
722	0.0022	0	2e-06	0	0	0	0	0	0	0	1	10	1	0.54	0.45
723	0	0	0	1	0	0	0	0	0	0.0045	0	3	0.047	0.14	0.05
724	0.0063	0	0.00014	0	0	0	0	0	0	0	0.99	10	1	0.54	0.45
725	0.95	0	0.038	0	0	0.0091	0	0	0	0	0	0	0.58	0.43	0.45
726	0	0	0	0	0	0	0	0	0	0	1	10	1	0.54	0.45
727	0.00033	0	0.71	0	0	0.00094	0.28	0	0	0	0	2	0.58	0.43	0.55
728	0	0	0	0	0	0	1	0	0	0	0	6	0.72	0.68	0.55
729	0	0	0	1	0	0	0	0	0	0	0	3	0.047	0.14	0.05
730	0	0	0	1	0	0	0	0	0	0	0	3	0.047	0.14	0.05
731	0	0	0	0	0	0	0	0	0	1	0	9	0.23	0.24	0.05
732	0.67	0	0.02	0	0	0.039	0.001	0	0	0	0.27	0	0.58	0.43	0.45
733	2.7e-06	0	0	0	0	0	0	0	0	0	1	10	1	0.54	0.45
734	0	0	0	0	0	0	3.5e-05	0	0	0	1	10	1	0.54	0.45
735	0	0	1	0	0	0	2.4e-05	0	0	0	0	2	0.58	0.43	0.55
736	0.66	0	0.24	0	0	0	0.096	0	0	0	0	0	0.58	0.43	0.45
737	0	0	0	0	0	0	0	0	0	0	1	10	1	0.54	0.45
738	0	0	0.95	0	0	0	0.054	0	0	0	0	2	0.58	0.43	0.55
739	0.99	0	0	0	0	0	0	0	0	0	0.006	0	0.58	0.43	0.45
740	1	0	0	0	0	0	0	0	0	0	0	0	0.58	0.43	0.45
741	0.96	0	0.045	0	0	0	0	0	0	0	0	0	0.58	0.43	0.45
742	0	0	0	0.012	0	0	0.58	0	0	0.41	0	6	0.72	0.68	0.55
743	1	0	0	0	0	0	0	0	0	0	0	0	0.58	0.43	0.45
744	1	0	0	0	0	0	0	0	0	0	0	0	0.58	0.43	0.45
745	1	0	0	0	0	0	0	0	0	0	1.8e-05	0	0.58	0.43	0.45
746	1	0	0	0	0	0	0	0	0	0	0	0	0.58	0.43	0.45
747	0.69	0	0	0	0	0	0	0	0	0	0.31	0	0.58	0.43	0.45
748	0	0	0	0	0	0	0	0	0	1	0	9	0.23	0.24	0.05
749	0.98	0	0.021	0	0	0.00013	0	0	0	0	0	0	0.58	0.43	0.45
750	1	0	0	0	0	0	0	0	0	0	0	0	0.58	0.43	0.45
751	0	0	0	0	1	0	0	0	0	0	0	4	0.42	0.048	0
752	1	0	0	0	0	0	0	0	0	0	0	0	0.58	0.43	0.45
753	0	0	0	0	0	0	0	0	0	1	0	9	0.23	0.24	0.05
754	0.99	0	0.0065	0	0	0.00023	0	0	0	0	0	0	0.58	0.43	0.45
755	0.79	0	0.095	0	0	0.044	0.02	0	0	0	0.047	0	0.58	0.43	0.45
756	1	0	0.0002	0	0	0	0	0	0	0	7.4e-06	0	0.58	0.43	0.45
757	0.92	0	0.071	0	0	3.7e-05	0	0	0	0	0.011	0	0.58	0.43	0.45
758	0.11	0	0.00051	0	0	0.89	0.0005	0	0	0	0	5	0.58	0.57	0.45
759	0.98	0	0.0025	0	0	0	0	0	0	0	0.015	0	0.58	0.43	0.45
760	0.74	0	0.26	0	0	0.0042	2.4e-05	0	0	0	4.2e-05	0	0.58	0.43	0.45
761	0	0	0	0	0	0	0	0	0	1	0	9	0.23	0.24	0.05
762	0.83	0	0.16	0	0	0.0056	2.4e-06	0	0	0	0	0	0.58	0.43	0.45
763	0.95	0	0.052	0	0	0.00026	0	0	0	0	0	0	0.58	0.43	0.45
764	0	0	0	0	0	0	0	0	0	0	1	10	1	0.54	0.45
765	1	0	0	0	0	0	0	4.4e-06	0	0	4.2e-06	0	0.58	0.43	0.45
766	0	0	0	1	0	0	0	0	0	1.4e-05	0	3	0.047	0.14	0.05
767	0.86	0	0.13	0	0	0.016	6.5e-06	0	0	0	0	0	0.58	0.43	0.45
768	0.47	0	0.53	0	0	2e-05	0	0	0	0	0	2	0.58	0.43	0.55
769	0.00074	0	1	0	0	6.5e-06	0	0	0	0	0	2	0.58	0.43	0.55
770	0	1	0	0	0	0	0	0	0	0	0	1	0.047	0.048	0.4
771	4.7e-05	0	1	0	0	1.4e-06	8.6e-06	0	0	0	0	2	0.58	0.43	0.55
772	0	0	0	0	0	0	0	0	0	1	0	9	0.23	0.24	0.05
773	0	0	1	0	0	0	2.3e-06	0	0	0	0	2	0.58	0.43	0.55
774	0.75	0	0.00073	0	0	0	0	0.00084	0	0	0.24	0	0.58	0.43	0.45
775	0	0	0	0	0	0	0	0	0	1	0	9	0.23	0.24	0.05
776	6.4e-05	0	1	0	0	8.4e-06	0.00011	0	0	0	0	2	0.58	0.43	0.55
777	0.003	0	1	0	0	0.00018	9.3e-05	0	0	0	0	2	0.58	0.43	0.55
778	0.07	0	0.00045	0	0	0.003	0.00073	0	0	0	0.93	10	1	0.54	0.45
779	3.1e-06	0	0	0	0	0	2.1e-05	0	0	0	1	10	1	0.54	0.45
780	0	0	0	0	0	0	0	0	0	1	0	9	0.23	0.24	0.05
781	0.09	0	0.00057	0	0	0.00078	1.6e-06	0	0	0	0.91	10	1	0.54	0.45
782	0	0	1	0	0	0	0	0	0	0	0	2	0.58	0.43	0.55
783	0.28	0	0.71	0	0	0.012	0.0031	0	0	0	3.8e-06	2	0.58	0.43	0.55
784	0	0	0	0	0	0	0	0	0	0	1	10	1	0.54	0.45
785	1	0	0	0	0	0	0	0	0	0	0	0	0.58	0.43	0.45
786	0	0	0	0	0	0	0	0	0	0	1	10	1	0.54	0.45
787	0	0	1	0	0	1.1e-06	0	0	0	0	0	2	0.58	0.43	0.55
788	0	0	0	1	0	0	0	0	0	0	0	3	0.047	0.14	0.05
789	0	0	0	0	0	0	0	0	1	0	0	8	0.093	0	0
790	3.1e-06	0	0	0	0	0.096	0.9	0	0	0	0	6	0.72	0.68	0.55
791	0.063	0	1.1e-05	0	0	0	0	0	0	0	0.94	10	1	0.54	0.45
792	0.0043	0	1.7e-05	0	0	0.99	0.0023	0	0	0	0	5	0.58	0.57	0.45
793	1	0	6e-05	0	0	4e-06	1.5e-05	0	0	0	0	0	0.58	0.43	0.45
794	0	0	0	0	1	0	0	0	0	0	0	4	0.42	0.048	0
795	0	0	0	0.85	0	0	0	0	0	0.15	0	3	0.047	0.14	0.05
796	0	0	0.94	0	0	0	0	0	0	0.062	0	2	0.58	0.43	0.55
797	0	0	1	0	0	0	0	0	0	0	0	2	0.58	0.43	0.55
798	0	0	0	1	0	0	0	0	0	0	0	3	0.047	0.14	0.05
799	0.92	0	0.037	0	0	0.047	2.6e-06	0	0	0	0	0	0.58	0.43	0.45
800	0.18	0	0.021	0	0	0.79	0.0065	0	0	0	0	5	0.58	0.57	0.45
801	1	0	0	0	0	0	0	0	0	0	0	0	0.58	0.43	0.45
802	1	0	6.5e-05	0	0	8.6e-05	4.3e-06	0	0	0	0	0	0.58	0.43	0.45
803	0.26	0	0.0041	0	0	0.7	0.029	0	0	0	0	5	0.58	0.57	0.45
804	0.0012	0	5.2e-05	0	0	0	1	0	0	0	0	6	0.72	0.68	0.55
805	0	0	0	0	0	0	0	0	0	0	1	10	1	0.54	0.45
806	0	0	0	0	0	0	0	0	0	0	1	10	1	0.54	0.45
807	0	0	0	0	0	0.00011	1	0	0	0	0	6	0.72	0.68	0.55
808	0.83	0	0.14	0	0	0.021	0.00035	0	0	0	0.00035	0	0.58	0.43	0.45
809	0.13	0	0.026	0	0	0.84	1.3e-05	0	0	0	0	5	0.58	0.57	0.45
810	0	1	0	0	0	0	0	0	0	0	0	1	0.047	0.048	0.4
811	0	0	0	1	0	0	1e-05	0	0	0	0	3	0.047	0.14	0.05
812	0	0	0	0	0	0	0.83	0	0	0.17	0	6	0.72	0.68	0.55
813	1	0	0.0041	0	0	0	0	0	0	0	0	0	0.58	0.43	0.45
814	0.086	0	0.27	0	0	0.48	0.17	0	0	0	0	5	0.58	0.57	0.45
815	0	0	0	1	0	0	6.6e-05	0	0	2.2e-05	0	3	0.047	0.14	0.05
816	0	1	0	0	0	0	0	0	0	0	0	1	0.047	0.048	0.4
817	0	0	0	1	0	0	0	0	0	0	0	3	0.047	0.14	0.05
818	1	0	0	0	0	0	0	0	0	0	0	0	0.58	0.43	0.45
819	0	0	0	0	0	0	0	0	0	1	0	9	0.23	0.24	0.05
820	9.8e-06	0	1	0	0	0	0	0	0	0	0	2	0.58	0.43	0.55
821	0.22	0	0.78	0	0	0	0	0	0	0	0	2	0.58	0.43	0.55
822	4.3e-05	0	1	0	0	0	0	0	0	0	0	2	0.58	0.43	0.55
823	0	0	0	1	0	0	0	0	0	0	0	3	0.047	0.14	0.05
824	0	0	0	0	0	0	0	0	1	0	0	8	0.093	0	0
825	0	0	0	0	0	0	0	0	0	0	1	10	1	0.54	0.45
826	0	0	0	1	0	0	0	0	0	0	0	3	0.047	0.14	0.05
827	0	0	0	0	0	0	0.025	0	0	0.98	0	9	0.23	0.24	0.05
828	0.82	0	0.18	0	0	0.00093	0	0	0	0	0	0	0.58	0.43	0.45
829	0	0	0	1	0.0039	0	0	0	0	0	2.1e-06	3	0.047	0.14	0.05
830	0	0	0	0.92	0	0	0.031	0	0	0.046	0	3	0.047	0.14	0.05
831	0	0	0	1	0	0	3.9e-05	0	0	0	0	3	0.047	0.14	0.05
832	1	0	0.0013	0	0	3.8e-06	0	0	0	0	0	0	0.58	0.43	0.45
833	0	0	0	0	0	0	0	0	0	1	0	9	0.23	0.24	0.05
834	0.44	0	0.088	0	0	0.46	0.016	0	0	0	2.7e-05	5	0.58	0.57	0.45
835	0	0	0	0	1	0	0	0	0	0	0	4	0.42	0.048	0
836	0.38	0	0.014	0	0	0.6	0.00018	0	0	0	0	5	0.58	0.57	0.45
837	0.87	0	0.087	0	0	0.041	1.6e-05	0	0	0	0	0	0.58	0.43	0.45
838	1	0	0.0031	0	0	0	0	0	0	0	0	0	0.58	0.43	0.45
839	0.98	0	0.019	0	0	0.0059	0	0	0	0	0	0	0.58	0.43	0.45
840	1	0	0.0026	0	0	0.0015	0	0	0	0	0	0	0.58	0.43	0.45
841	0	0	0	0	1	0	0	0	0	0	0	4	0.42	0.048	0
842	0.74	0	0.26	0	0	9.8e-05	0	0	0	0	0	0	0.58	0.43	0.45
843	0	0	0	1	0	0	0	0	0	0	0	3	0.047	0.14	0.05
844	0.43	0	0.23	0	0	0.34	0.004	0	0	0	0	0	0.58	0.43	0.45
845	1	0	0.0034	0	0	0.00013	0	0	0	0	0	0	0.58	0.43	0.45
846	0	0	0	0.018	0	0	0	0	0	0.98	0	9	0.23	0.24	0.05
847	0.35	0	0.37	0	0	0.27	0.0088	0	0	0	0	2	0.58	0.43	0.55
848	0	0	0	1	0	0	0	0	0	0	0	3	0.047	0.14	0.05
849	0	1	0	0	0	0	0	0	0	0	0	1	0.047	0.048	0.4
850	0.99	0	0.0049	0	0	0.0007	0	0	0	0	0	0	0.58	0.43	0.45
851	0.96	0	0.044	0	0	0.00033	0	0	0	0	0	0	0.58	0.43	0.45
852	0.99	0	0.0017	0	0	0.0077	0	0	0	0	0	0	0.58	0.43	0.45
853	0	1	0	0	0	0	0	0	0	0	0	1	0.047	0.048	0.4
854	0.48	0	0.27	0	0	0.25	0.0033	0	0	0	0	0	0.58	0.43	0.45
855	0.48	0	0.45	0	0	0.0011	0.073	0	0	0	0	0	0.58	0.43	0.45
856	0	0	0	0	0	0	0	0	0	1	0	9	0.23	0.24	0.05
857	0.93	0	0.06	0	0	0.0084	0	0	0	0	0	0	0.58	0.43	0.45
858	0	0	0	1	0	0	0	0	0	0	0	3	0.047	0.14	0.05
859	1	0	0.004	0	0	0	0	0	0	0	0	0	0.58	0.43	0.45
860	1	0	0.0012	0	0	4.1e-05	0	0	0	0	0	0	0.58	0.43	0.45
861	0.75	0	0.24	0	0	0.013	1.5e-05	0	0	0	0	0	0.58	0.43	0.45
862	0	0	0	1	0	0	0	0	0	0	0	3	0.047	0.14	0.05
863	0.98	0	0.021	0	0	4.1e-05	0	0	0	0	0	0	0.58	0.43	0.45
864	0.94	0	0.06	0	0	0.00034	0	0	0	0	0	0	0.58	0.43	0.45
865	0	0	0	0	0	0	0.12	0	0	0.88	0	9	0.23	0.24	0.05
866	0	1	0	0	0	0	0	0	0	0	0	1	0.047	0.048	0.4
867	0	1	0	0	0	0	0	0	0	0	0	1	0.047	0.048	0.4
868	0.97	0	0.029	0	0	4.4e-05	0	0	0	0	0	0	0.58	0.43	0.45
869	0	0	0	0	1	0	0	0	0	0	3.2e-06	4	0.42	0.048	0
870	0	0	0	0	0	0	0.2	0	0	0.8	0	9	0.23	0.24	0.05
871	0.92	0	0.079	0	0	0.0016	0	0	0	0	0	0	0.58	0.43	0.45
872	1	0	0.00061	0	0	0	0	0	0	0	0	0	0.58	0.43	0.45
873	0.68	0	0.15	0	0	0.17	9.1e-05	0	0	0	0	0	0.58	0.43	0.45
874	0	0	0	0	1	0	0	0	0	0	0	4	0.42	0.048	0
